{
  "patientDetails": [
    {
      "patientId": "1",
      "name": "kumar",
      "age": 30,
      "email": "kumar@gmail.com",
      "password": "123456",
      "gender": "Mela",
      "phone": "9876543210",
      "id": "4f05"
    },
    {
      "id": "5f44",
      "name": "joe",
      "email": "joe@gmail.com",
      "password": "11111111",
      "phone": 1111111111,
      "age": "1"
    },
    {
      "id": "5b6c",
      "name": "Raja",
      "email": "raja@gmail.com",
      "password": "123456",
      "phone": 9876587654,
      "age": "30"
    },
    {
      "id": "7996",
      "name": "QWE",
      "email": "12312@GMAIL.COM",
      "password": "123456",
      "phone": 1312321212,
      "age": "1",
      "gender": ""
    },
    {
      "id": "a6ca",
      "name": "test1",
      "email": "test1@gmail.com",
      "password": "test12",
      "phone": 9876543267,
      "age": "12",
      "gender": ""
    },
    {
      "id": "afeb",
      "name": "Sridhar",
      "email": "sridhar@gmail.com",
      "password": "sridhar",
      "phone": 1212121212,
      "age": "12",
      "gender": ""
    },
    {
      "id": "b3d2",
      "name": "QAW",
      "email": "qqqq@gmail.com",
      "password": "123456",
      "phone": 9888754345,
      "age": "23",
      "gender": "male"
    },
    {
      "id": "f30e",
      "name": "Raja1",
      "email": "raja1@gmail.com",
      "password": "raja11",
      "phone": 9777878772,
      "age": "1",
      "gender": "female"
    }
  ],
  "appoinmentDetails": [
    {
      "id": "ea94",
      "type": "APPOINTMENT_REQUEST",
      "payload": {
        "patientName": "Sridhar",
        "doctorName": "Dr. Ashu",
        "appointmentDate": "2024-04-12T19:26",
        "reason": "Gentral"
      }
    },
    {
      "id": "b321",
      "type": "APPOINTMENT_REQUEST",
      "payload": {
        "patientName": "Ravi",
        "doctorName": "Dr. Ashu",
        "appointmentDate": "2024-04-12T19:27",
        "reason": "eye issues"
      }
    },
    {
      "id": "6188",
      "type": "APPOINTMENT_REQUEST",
      "payload": {
        "patientName": "Rajeev",
        "doctorName": "Dr. Ashu",
        "appointmentDate": "2024-05-10T05:42",
        "reason": "gentral"
      }
    }
  ],
  "doctorDetails": [
    {
      "doctorId": "1",
      "drName": "Dr. Sridhar",
      "expertIn": "diabetic",
      "id": "1212"
    },
    {
      "doctorId": "2",
      "drName": "Dr. Ashu",
      "expertIn": "Eye",
      "id": "1212"
    }
  ]
}