{
    "keep": {
        "days": true,
        "amount": 14
    },
    "auditLog": "logs\\.d37a23021c26022c370dc61ecb46113ddaf09d5a-audit.json",
    "files": [
        {
            "date": 1710665070575,
            "name": "logs\\application-2024-03-17.log",
            "hash": "dcdc1f0377b9ca54e26d2db8e6335f5f67f62f47acd3659a99a566ac279dda3b"
        },
        {
            "date": 1710723886319,
            "name": "logs\\application-2024-03-18.log",
            "hash": "c1af0d4dc689850abe2857dd94ec661ddbfc9eb9eeb57930c89d2a34efb43deb"
        },
        {
            "date": 1710928582145,
            "name": "logs\\application-2024-03-20.log",
            "hash": "c7fe539a436944bc03b1124ff8be417371d57e235c957d76b4be753b80d37d21"
        }
    ],
    "hashType": "sha256"
}