{
    "bookList": [
        {
            "id": 1,
            "title": "Book 1",
            "category":"music",
            "author": "Author 1",
            "status": "Available"
        },
        {
            "id": 2,
            "title": "Book 1",
            "category":"music",
            "author": "Author 1",
            "status": "Available"
        },
        {
            "id": 3,
            "title": "Book 1",
            "category":"music",
            "author": "Author 1",
            "status": "Available"
        },
        {
            "id": 4,
            "title": "Book 1",
            "category":"music",
            "author": "Author 1",
            "status": "Available"
        },
        {
            "id": 5,
            "title": "Book 1",
            "category":"music",
            "author": "Author 1",
            "status": "Available"
        },
        {
            "id": 6,
            "title": "Book 2",
            "category":"music",
            "author": "Author 2",
            "status": "Available"
        },
        {
            "id": 7,
            "title": "Book 3",
            "category":"music",
            "author": "Author 3",
            "status": "Not Available"
        },
        {
            "id": 8,
            "title": "Book 3",
            "category":"music",
            "author": "Author 3",
            "status": "Not Available"
        },
        {
            "id": 9,
            "title": "Book 3",
            "category":"music",
            "author": "Author 3",
            "status": "Not Available"
        },
        {
            "id": 10,
            "title": "Book 3",
            "category":"music",
            "author": "Author 3",
            "status": "Not Available"
        },
        {
            "id": 11,
            "title": "Book 3",
            "category":"music",
            "author": "Author 3",
            "status": "Not Available"
        },
        {
            "id": 12,
            "title": "Book 3",
            "category":"music",
            "author": "Author 3",
            "status": "Not Available"
        }
    ],
    "borrowedList": [
        {
            "id": 1,
            "title": "Book 1",
            "book_id":1,
            "due_date": "2024-04-05",
            "book_date": "2024-03-05",
            "status": "Borrowed"
        },
        {
            "id": 2,
            "title": "Book 2",
            "book_id":2,
            "due_date": "2024-04-05",
            "book_date": "2024-03-05",
            "status": "Pending"
        }
    ]    

}