[
    {
     "author":"Raja",
     "book_id":1,
     "book_name":"Node JS",
     "category_name":"Beginner",
     "quantity":5
    },
    {
     "author":"Ashu",
     "book_id":2,
     "book_name":"React JS",
     "category_name":"Expressions",
     "quantity":5
    },
    {
        "author":"Raja1",
        "book_id":3,
        "book_name":"Node JS1",
        "category_name":"Beginner1",
        "quantity":51
       },
       {
        "author":"Ashu2",
        "book_id":4,
        "book_name":"React JS2",
        "category_name":"Expressions2",
        "quantity":52
       },
       {
        "author":"Raja3",
        "book_id":5,
        "book_name":"Node JS3",
        "category_name":"Beginner3",
        "quantity":53
       },
       {
        "author":"Ashu3",
        "book_id":6,
        "book_name":"React JS3",
        "category_name":"Expressions3",
        "quantity":53
       },
       {
        "author":"Ashu4",
        "book_id":7,
        "book_name":"React JS4",
        "category_name":"Expressions4",
        "quantity":54
       },
       {
        "author":"Raja5",
        "book_id":8,
        "book_name":"Node JS5",
        "category_name":"Beginner5",
        "quantity":55
       },
       {
        "author":"Ashu6",
        "book_id":9,
        "book_name":"React JS6",
        "category_name":"Expressions6",
        "quantity":56
       },
       {
        "author":"Raja7",
        "book_id":10,
        "book_name":"Node JS7",
        "category_name":"Beginner7",
        "quantity":57
       },
       {
        "author":"Ashu8",
        "book_id":11,
        "book_name":"React JS8",
        "category_name":"Expressions8",
        "quantity":58
       },
       {
        "author":"Ashu9",
        "book_id":12,
        "book_name":"React JS9",
        "category_name":"Expressions8",
        "quantity":59
       },
       {
        "author":"Raja10",
        "book_id":13,
        "book_name":"Node JS10",
        "category_name":"Beginner10",
        "quantity":510
       },
       {
        "author":"Ashu11",
        "book_id":14,
        "book_name":"React JS11",
        "category_name":"Expressions11",
        "quantity":511
       },
       {
        "author":"Raja7",
        "book_id":15,
        "book_name":"Node JS7",
        "category_name":"Beginner7",
        "quantity":57
       },
       {
        "author":"Ashu8",
        "book_id":16,
        "book_name":"React JS8",
        "category_name":"Expressions8",
        "quantity":58
       },
       {
        "author":"Ashu9",
        "book_id":17,
        "book_name":"React JS9",
        "category_name":"Expressions8",
        "quantity":59
       },
       {
        "author":"Raja10",
        "book_id":18,
        "book_name":"Node JS10",
        "category_name":"Beginner10",
        "quantity":510
       },
       {
        "author":"Ashu11",
        "book_id":19,
        "book_name":"React JS11",
        "category_name":"Expressions11",
        "quantity":511
       }
 ]
